商品,积分,库存,详情页,购买页
电影票兑换,3000,100,https://vip.17wo.cn/_goods_detail_2.html?id=1&sf17,https://vip.17wo.cn/_pay_confirm.html?id=1&sf17
3元电影优惠,10,0,https://vip.17wo.cn/_goods_detail_2.html?id=2&sf17,https://vip.17wo.cn/_pay_confirm.html?id=2&sf17
5元电影票优惠,10,0,https://vip.17wo.cn/_goods_detail_2.html?id=3&sf17,https://vip.17wo.cn/_pay_confirm.html?id=3&sf17
9.9购电影票特权,2000,0,https://vip.17wo.cn/_goods_detail_2.html?id=4&sf17,https://vip.17wo.cn/_pay_confirm.html?id=4&sf17
广州南易登车服务,7500,10,https://vip.17wo.cn/_goods_detail_2.html?id=5&sf17,https://vip.17wo.cn/_pay_confirm.html?id=5&sf17
深圳北商务休息室服务,6000,10,https://vip.17wo.cn/_goods_detail_2.html?id=6&sf17,https://vip.17wo.cn/_pay_confirm.html?id=6&sf17
商务休息室服务,6000,100,https://vip.17wo.cn/_goods_detail_2.html?id=7&sf17,https://vip.17wo.cn/_pay_confirm.html?id=7&sf17
高铁商务通道,3000,100,https://vip.17wo.cn/_goods_detail_2.html?id=8&sf17,https://vip.17wo.cn/_pay_confirm.html?id=8&sf17
白云机场服务,4500,10,https://vip.17wo.cn/_goods_detail_2.html?id=9&sf17,https://vip.17wo.cn/_pay_confirm.html?id=9&sf17
真功夫鸡蛋花卷+白粥3元立减,1,9900,https://vip.17wo.cn/_goods_detail_2.html?id=10&sf17,https://vip.17wo.cn/_pay_confirm.html?id=10&sf17
真功夫蒸米粉+蒸饺3元立减,1,9900,https://vip.17wo.cn/_goods_detail_2.html?id=11&sf17,https://vip.17wo.cn/_pay_confirm.html?id=11&sf17
真功夫冬菇鸡腿肉饭+香滑蒸蛋5元立减,1,9900,https://vip.17wo.cn/_goods_detail_2.html?id=12&sf17,https://vip.17wo.cn/_pay_confirm.html?id=12&sf17
真功夫鱼香茄子饭+四季猪骨汤5元立减,1,9900,https://vip.17wo.cn/_goods_detail_2.html?id=13&sf17,https://vip.17wo.cn/_pay_confirm.html?id=13&sf17
真功夫双拼饭+四季猪骨汤+香滑蒸蛋8元立减,1,9900,https://vip.17wo.cn/_goods_detail_2.html?id=14&sf17,https://vip.17wo.cn/_pay_confirm.html?id=14&sf17
真功夫香汁排骨饭+四季猪骨汤+香滑蒸蛋8元立减,1,9900,https://vip.17wo.cn/_goods_detail_2.html?id=15&sf17,https://vip.17wo.cn/_pay_confirm.html?id=15&sf17
芒果TV移动端半年卡22元优惠码,1,950,https://vip.17wo.cn/_goods_detail_2.html?id=16&sf17,https://vip.17wo.cn/_pay_confirm.html?id=16&sf17
芒果TV移动端季卡10元优惠码,1,950,https://vip.17wo.cn/_goods_detail_2.html?id=17&sf17,https://vip.17wo.cn/_pay_confirm.html?id=17&sf17
芒果TV移动端年卡40元优惠码,1,950,https://vip.17wo.cn/_goods_detail_2.html?id=18&sf17,https://vip.17wo.cn/_pay_confirm.html?id=18&sf17
芒果TV移动端月卡3.5元优惠码,1,950,https://vip.17wo.cn/_goods_detail_2.html?id=19&sf17,https://vip.17wo.cn/_pay_confirm.html?id=19&sf17
测试商品(切勿购买),10,999,https://vip.17wo.cn/_goods_detail_2.html?id=20&sf17,https://vip.17wo.cn/_pay_confirm.html?id=20&sf17
500积分兑换券,0,0,https://vip.17wo.cn/_goods_detail_2.html?id=22&sf17,https://vip.17wo.cn/_pay_confirm.html?id=22&sf17
新人500积分,0,0,https://vip.17wo.cn/_goods_detail_2.html?id=23&sf17,https://vip.17wo.cn/_pay_confirm.html?id=23&sf17
商务休息室服务,199,4800,https://vip.17wo.cn/_goods_detail_2.html?id=24&sf17,https://vip.17wo.cn/_pay_confirm.html?id=24&sf17
商务畅行通道服务,199,4800,https://vip.17wo.cn/_goods_detail_2.html?id=25&sf17,https://vip.17wo.cn/_pay_confirm.html?id=25&sf17
阳光守护3个月免费体验卡,10,0,https://vip.17wo.cn/_goods_detail_2.html?id=27&sf17,https://vip.17wo.cn/_pay_confirm.html?id=27&sf17
广州南易登车服务,99,0,https://vip.17wo.cn/_goods_detail_2.html?id=28&sf17,https://vip.17wo.cn/_pay_confirm.html?id=28&sf17
深圳北商务休息室服务,99,0,https://vip.17wo.cn/_goods_detail_2.html?id=29&sf17,https://vip.17wo.cn/_pay_confirm.html?id=29&sf17
白云机场服务,99,50,https://vip.17wo.cn/_goods_detail_2.html?id=30&sf17,https://vip.17wo.cn/_pay_confirm.html?id=30&sf17
特惠电影票,21,0,https://vip.17wo.cn/_goods_detail_2.html?id=31&sf17,https://vip.17wo.cn/_pay_confirm.html?id=31&sf17
陈梦签名照+乒乓球拍,10,0,https://vip.17wo.cn/_goods_detail_2.html?id=33&sf17,https://vip.17wo.cn/_pay_confirm.html?id=33&sf17
丁宁名照+乒乓球拍,10,0,https://vip.17wo.cn/_goods_detail_2.html?id=34&sf17,https://vip.17wo.cn/_pay_confirm.html?id=34&sf17
樊振东签名球拍+乒乓球拍,10,0,https://vip.17wo.cn/_goods_detail_2.html?id=35&sf17,https://vip.17wo.cn/_pay_confirm.html?id=35&sf17
樊振东签名照+乒乓球拍,10,0,https://vip.17wo.cn/_goods_detail_2.html?id=36&sf17,https://vip.17wo.cn/_pay_confirm.html?id=36&sf17
荣耀手环3 碳晶黑,10,0,https://vip.17wo.cn/_goods_detail_2.html?id=37&sf17,https://vip.17wo.cn/_pay_confirm.html?id=37&sf17
荣耀体脂秤 智慧魔秤,10,0,https://vip.17wo.cn/_goods_detail_2.html?id=38&sf17,https://vip.17wo.cn/_pay_confirm.html?id=38&sf17
小米（MI）运动蓝牙耳机,10,0,https://vip.17wo.cn/_goods_detail_2.html?id=39&sf17,https://vip.17wo.cn/_pay_confirm.html?id=39&sf17
阳光守护权益礼包（含6个月使用权）,10,0,https://vip.17wo.cn/_goods_detail_2.html?id=40&sf17,https://vip.17wo.cn/_pay_confirm.html?id=40&sf17
广东联通10元话费,10,0,https://vip.17wo.cn/_goods_detail_2.html?id=41&sf17,https://vip.17wo.cn/_pay_confirm.html?id=41&sf17
电影票兑换券,199,0,https://vip.17wo.cn/_goods_detail_2.html?id=42&sf17,https://vip.17wo.cn/_pay_confirm.html?id=42&sf17
若比邻小程序50元新人大礼包,10,10,https://vip.17wo.cn/_goods_detail_2.html?id=43&sf17,https://vip.17wo.cn/_pay_confirm.html?id=43&sf17
保利公寓85折特权,10,10,https://vip.17wo.cn/_goods_detail_2.html?id=44&sf17,https://vip.17wo.cn/_pay_confirm.html?id=44&sf17
比邻洗衣免洗券,0,1,https://vip.17wo.cn/_goods_detail_2.html?id=45&sf17,https://vip.17wo.cn/_pay_confirm.html?id=45&sf17
保利酒店，央企品质,0,10,https://vip.17wo.cn/_goods_detail_2.html?id=46&sf17,https://vip.17wo.cn/_pay_confirm.html?id=46&sf17
2500元旅行代金券,0,0,https://vip.17wo.cn/_goods_detail_2.html?id=47&sf17,https://vip.17wo.cn/_pay_confirm.html?id=47&sf17
英国双飞9日研学之旅,10,1000,https://vip.17wo.cn/_goods_detail_2.html?id=48&sf17,https://vip.17wo.cn/_pay_confirm.html?id=48&sf17
彩云之南三飞6日研学之旅,10,1000,https://vip.17wo.cn/_goods_detail_2.html?id=49&sf17,https://vip.17wo.cn/_pay_confirm.html?id=49&sf17
北京双飞5日研学之旅,10,1000,https://vip.17wo.cn/_goods_detail_2.html?id=50&sf17,https://vip.17wo.cn/_pay_confirm.html?id=50&sf17
樊登-惠州书友千人分享会二等票,10,1,https://vip.17wo.cn/_goods_detail_2.html?id=51&sf17,https://vip.17wo.cn/_pay_confirm.html?id=51&sf17
樊登-惠州书友千人分享会一等票,10,1,https://vip.17wo.cn/_goods_detail_2.html?id=52&sf17,https://vip.17wo.cn/_pay_confirm.html?id=52&sf17
樊登-惠州书友千人分享会VIP票,10,0,https://vip.17wo.cn/_goods_detail_2.html?id=53&sf17,https://vip.17wo.cn/_pay_confirm.html?id=53&sf17
樊登-惠州书友千人分享会SVIP票,10,0,https://vip.17wo.cn/_goods_detail_2.html?id=54&sf17,https://vip.17wo.cn/_pay_confirm.html?id=54&sf17
《读书是一辈子的事》樊登签名书,10,0,https://vip.17wo.cn/_goods_detail_2.html?id=55&sf17,https://vip.17wo.cn/_pay_confirm.html?id=55&sf17
学乐乐-《樊登带你开启高效阅读人生》课程一个月,10,1,https://vip.17wo.cn/_goods_detail_2.html?id=56&sf17,https://vip.17wo.cn/_pay_confirm.html?id=56&sf17
沃音乐白银会员,600,3,https://vip.17wo.cn/_goods_detail_2.html?id=57&sf17,https://vip.17wo.cn/_pay_confirm.html?id=57&sf17
[电影票兑换],2000,0,https://vip.17wo.cn/_goods_detail_2.html?id=58&sf17,https://vip.17wo.cn/_pay_confirm.html?id=58&sf17
[高铁贵宾服务],6000,0,https://vip.17wo.cn/_goods_detail_2.html?id=59&sf17,https://vip.17wo.cn/_pay_confirm.html?id=59&sf17
[白云机场服务],4500,0,https://vip.17wo.cn/_goods_detail_2.html?id=60&sf17,https://vip.17wo.cn/_pay_confirm.html?id=60&sf17
引爆朋友圈的手机摄影课,10,0,https://vip.17wo.cn/_goods_detail_2.html?id=61&sf17,https://vip.17wo.cn/_pay_confirm.html?id=61&sf17
简七带你零基础学理财,10,0,https://vip.17wo.cn/_goods_detail_2.html?id=62&sf17,https://vip.17wo.cn/_pay_confirm.html?id=62&sf17
吉他弹唱――从小白到老司机,10,0,https://vip.17wo.cn/_goods_detail_2.html?id=63&sf17,https://vip.17wo.cn/_pay_confirm.html?id=63&sf17
世界记忆大师，教你提升记忆力,10,0,https://vip.17wo.cn/_goods_detail_2.html?id=64&sf17,https://vip.17wo.cn/_pay_confirm.html?id=64&sf17
智talk宝典：让孩子赢在好口才,10,0,https://vip.17wo.cn/_goods_detail_2.html?id=65&sf17,https://vip.17wo.cn/_pay_confirm.html?id=65&sf17
《如何说孩子才会听，怎么听孩子才肯说》44’11”,10,0,https://vip.17wo.cn/_goods_detail_2.html?id=66&sf17,https://vip.17wo.cn/_pay_confirm.html?id=66&sf17
职场行为心理学 （音频课）,20,0,https://vip.17wo.cn/_goods_detail_2.html?id=67&sf17,https://vip.17wo.cn/_pay_confirm.html?id=67&sf17
用心理学实现两性颠覆级的改变 （音频课）,20,0,https://vip.17wo.cn/_goods_detail_2.html?id=68&sf17,https://vip.17wo.cn/_pay_confirm.html?id=68&sf17
若比邻有好货商城――巨无霸牛油果专属优惠,0,1,https://vip.17wo.cn/_goods_detail_2.html?id=70&sf17,https://vip.17wo.cn/_pay_confirm.html?id=70&sf17
保利度假公寓88元代金券,0,0,https://vip.17wo.cn/_goods_detail_2.html?id=71&sf17,https://vip.17wo.cn/_pay_confirm.html?id=71&sf17
张宝蕊博士讲座：个人成长  亲子教育,10,1,https://vip.17wo.cn/_goods_detail_2.html?id=72&sf17,https://vip.17wo.cn/_pay_confirm.html?id=72&sf17
Apple Watch S3 智能手表 38毫米,10,0,https://vip.17wo.cn/_goods_detail_2.html?id=73&sf17,https://vip.17wo.cn/_pay_confirm.html?id=73&sf17
Apple Watch S3 智能手表 42毫米,10,0,https://vip.17wo.cn/_goods_detail_2.html?id=74&sf17,https://vip.17wo.cn/_pay_confirm.html?id=74&sf17
抽奖扣分,10,10,https://vip.17wo.cn/_goods_detail_2.html?id=75&sf17,https://vip.17wo.cn/_pay_confirm.html?id=75&sf17
腾讯视频VIP月卡,999,0,https://vip.17wo.cn/_goods_detail_2.html?id=76&sf17,https://vip.17wo.cn/_pay_confirm.html?id=76&sf17
腾讯视频VIP月卡(挑战活动),999,1000,https://vip.17wo.cn/_goods_detail_2.html?id=77&sf17,https://vip.17wo.cn/_pay_confirm.html?id=77&sf17
中信书院好书快听年卡99元优惠券,10,20,https://vip.17wo.cn/_goods_detail_2.html?id=78&sf17,https://vip.17wo.cn/_pay_confirm.html?id=78&sf17
中信书院阅读时差年卡299元优惠券,10,1,https://vip.17wo.cn/_goods_detail_2.html?id=79&sf17,https://vip.17wo.cn/_pay_confirm.html?id=79&sf17
中信书院电子书年卡199元优惠券,10,1,https://vip.17wo.cn/_goods_detail_2.html?id=80&sf17,https://vip.17wo.cn/_pay_confirm.html?id=80&sf17
中信书院有声书年卡365元优惠券,10,0,https://vip.17wo.cn/_goods_detail_2.html?id=81&sf17,https://vip.17wo.cn/_pay_confirm.html?id=81&sf17
音悦台VIP会员月卡13元优惠特购券,10,1,https://vip.17wo.cn/_goods_detail_2.html?id=82&sf17,https://vip.17wo.cn/_pay_confirm.html?id=82&sf17
懒人听书VIP会员月卡10元优惠特购券,10,1,https://vip.17wo.cn/_goods_detail_2.html?id=83&sf17,https://vip.17wo.cn/_pay_confirm.html?id=83&sf17
懒人听书VIP会员周卡2.5元优惠特购券,10,1,https://vip.17wo.cn/_goods_detail_2.html?id=84&sf17,https://vip.17wo.cn/_pay_confirm.html?id=84&sf17
1元沃乐送电子券,10,0,https://vip.17wo.cn/_goods_detail_2.html?id=85&sf17,https://vip.17wo.cn/_pay_confirm.html?id=85&sf17
10元沃乐送电子券,59,0,https://vip.17wo.cn/_goods_detail_2.html?id=86&sf17,https://vip.17wo.cn/_pay_confirm.html?id=86&sf17
20元沃乐送电子券,99,0,https://vip.17wo.cn/_goods_detail_2.html?id=87&sf17,https://vip.17wo.cn/_pay_confirm.html?id=87&sf17
Vipkid英语在线课程,10,0,https://vip.17wo.cn/_goods_detail_2.html?id=88&sf17,https://vip.17wo.cn/_pay_confirm.html?id=88&sf17
2元沃乐送电子券,10,0,https://vip.17wo.cn/_goods_detail_2.html?id=89&sf17,https://vip.17wo.cn/_pay_confirm.html?id=89&sf17
5元沃乐送电子券,10,0,https://vip.17wo.cn/_goods_detail_2.html?id=90&sf17,https://vip.17wo.cn/_pay_confirm.html?id=90&sf17
100元沃乐送电子券,10,0,https://vip.17wo.cn/_goods_detail_2.html?id=91&sf17,https://vip.17wo.cn/_pay_confirm.html?id=91&sf17
500元沃乐送电子券,10,0,https://vip.17wo.cn/_goods_detail_2.html?id=92&sf17,https://vip.17wo.cn/_pay_confirm.html?id=92&sf17
1000元沃乐送电子券,999,0,https://vip.17wo.cn/_goods_detail_2.html?id=93&sf17,https://vip.17wo.cn/_pay_confirm.html?id=93&sf17
白云机场服务,199,10,https://vip.17wo.cn/_goods_detail_2.html?id=94&sf17,https://vip.17wo.cn/_pay_confirm.html?id=94&sf17
高铁商务VIP服务（四五星专享）,199,4800,https://vip.17wo.cn/_goods_detail_2.html?id=95&sf17,https://vip.17wo.cn/_pay_confirm.html?id=95&sf17
白云机场服务(14期超级星期五专享),699,10,https://vip.17wo.cn/_goods_detail_2.html?id=96&sf17,https://vip.17wo.cn/_pay_confirm.html?id=96&sf17
高铁商务VIP服务(14期超级星期五专享),599,4800,https://vip.17wo.cn/_goods_detail_2.html?id=97&sf17,https://vip.17wo.cn/_pay_confirm.html?id=97&sf17
30元高铁/机场商务休息室现金抵用券,10,10,https://vip.17wo.cn/_goods_detail_2.html?id=98&sf17,https://vip.17wo.cn/_pay_confirm.html?id=98&sf17
保利若比邻有好货商城5元全场通用无门槛券,10,1,https://vip.17wo.cn/_goods_detail_2.html?id=99&sf17,https://vip.17wo.cn/_pay_confirm.html?id=99&sf17
漫步者蓝牙耳机,599,0,https://vip.17wo.cn/_goods_detail_2.html?id=100&sf17,https://vip.17wo.cn/_pay_confirm.html?id=100&sf17
小度智能音箱,199,0,https://vip.17wo.cn/_goods_detail_2.html?id=101&sf17,https://vip.17wo.cn/_pay_confirm.html?id=101&sf17
手机无线充LED台灯,999,0,https://vip.17wo.cn/_goods_detail_2.html?id=102&sf17,https://vip.17wo.cn/_pay_confirm.html?id=102&sf17
磁悬浮声波电动牙刷,1,0,https://vip.17wo.cn/_goods_detail_2.html?id=103&sf17,https://vip.17wo.cn/_pay_confirm.html?id=103&sf17
JBL耳机,1,0,https://vip.17wo.cn/_goods_detail_2.html?id=104&sf17,https://vip.17wo.cn/_pay_confirm.html?id=104&sf17
迪沃 蓝牙运动耳机,1,0,https://vip.17wo.cn/_goods_detail_2.html?id=105&sf17,https://vip.17wo.cn/_pay_confirm.html?id=105&sf17
国美自营满4减2优惠券,0,0,https://vip.17wo.cn/_goods_detail_2.html?id=107&sf17,https://vip.17wo.cn/_pay_confirm.html?id=107&sf17
国美自营满199减10优惠券,0,0,https://vip.17wo.cn/_goods_detail_2.html?id=108&sf17,https://vip.17wo.cn/_pay_confirm.html?id=108&sf17
国美自营满1000减50优惠券,0,0,https://vip.17wo.cn/_goods_detail_2.html?id=109&sf17,https://vip.17wo.cn/_pay_confirm.html?id=109&sf17
来电管家3个月免费体验,10,0,https://vip.17wo.cn/_goods_detail_2.html?id=110&sf17,https://vip.17wo.cn/_pay_confirm.html?id=110&sf17
腾讯视频VIP月卡,199,0,https://vip.17wo.cn/_goods_detail_2.html?id=111&sf17,https://vip.17wo.cn/_pay_confirm.html?id=111&sf17
500,,,https://vip.17wo.cn/_goods_detail_2.html?id=112&sf17,https://vip.17wo.cn/_pay_confirm.html?id=112&sf17
1000,,,https://vip.17wo.cn/_goods_detail_2.html?id=113&sf17,https://vip.17wo.cn/_pay_confirm.html?id=113&sf17
腾讯视频VIP月卡(老用户回馈),39999,1,https://vip.17wo.cn/_goods_detail_2.html?id=114&sf17,https://vip.17wo.cn/_pay_confirm.html?id=114&sf17
小米手环,,,https://vip.17wo.cn/_goods_detail_2.html?id=115&sf17,https://vip.17wo.cn/_pay_confirm.html?id=115&sf17
腾讯视频VIP月卡,,,https://vip.17wo.cn/_goods_detail_2.html?id=116&sf17,https://vip.17wo.cn/_pay_confirm.html?id=116&sf17
QQ豪华版绿钻会员月卡,10,1,https://vip.17wo.cn/_goods_detail_2.html?id=117&sf17,https://vip.17wo.cn/_pay_confirm.html?id=117&sf17
牛油果优惠券,10,1,https://vip.17wo.cn/_goods_detail_2.html?id=118&sf17,https://vip.17wo.cn/_pay_confirm.html?id=118&sf17
西柚优惠券,10,1,https://vip.17wo.cn/_goods_detail_2.html?id=119&sf17,https://vip.17wo.cn/_pay_confirm.html?id=119&sf17
天猫超市50元零食券,20,0,https://vip.17wo.cn/_goods_detail_2.html?id=120&sf17,https://vip.17wo.cn/_pay_confirm.html?id=120&sf17
维达纸巾10元代金券,20,1,https://vip.17wo.cn/_goods_detail_2.html?id=121&sf17,https://vip.17wo.cn/_pay_confirm.html?id=121&sf17
良品铺子88元大礼包,20,1,https://vip.17wo.cn/_goods_detail_2.html?id=122&sf17,https://vip.17wo.cn/_pay_confirm.html?id=122&sf17
黄锦鲤,200,1,https://vip.17wo.cn/_goods_detail_2.html?id=123&sf17,https://vip.17wo.cn/_pay_confirm.html?id=123&sf17
黑锦鲤,200,1,https://vip.17wo.cn/_goods_detail_2.html?id=124&sf17,https://vip.17wo.cn/_pay_confirm.html?id=124&sf17
金锦鲤,200,1,https://vip.17wo.cn/_goods_detail_2.html?id=125&sf17,https://vip.17wo.cn/_pay_confirm.html?id=125&sf17
银锦鲤,200,1,https://vip.17wo.cn/_goods_detail_2.html?id=126&sf17,https://vip.17wo.cn/_pay_confirm.html?id=126&sf17
红锦鲤,200,1,https://vip.17wo.cn/_goods_detail_2.html?id=127&sf17,https://vip.17wo.cn/_pay_confirm.html?id=127&sf17
视频VIP通兑月卡,10,1,https://vip.17wo.cn/_goods_detail_2.html?id=128&sf17,https://vip.17wo.cn/_pay_confirm.html?id=128&sf17
摩拜单车骑行月卡,10,1,https://vip.17wo.cn/_goods_detail_2.html?id=129&sf17,https://vip.17wo.cn/_pay_confirm.html?id=129&sf17
天猫超市100元,10,1,https://vip.17wo.cn/_goods_detail_2.html?id=130&sf17,https://vip.17wo.cn/_pay_confirm.html?id=130&sf17
爱奇艺代金券,10,1,https://vip.17wo.cn/_goods_detail_2.html?id=131&sf17,https://vip.17wo.cn/_pay_confirm.html?id=131&sf17
久渔代金券,100,10000,https://vip.17wo.cn/_goods_detail_2.html?id=132&sf17,https://vip.17wo.cn/_pay_confirm.html?id=132&sf17
5元红包电子券,500,5000,https://vip.17wo.cn/_goods_detail_2.html?id=133&sf17,https://vip.17wo.cn/_pay_confirm.html?id=133&sf17
10元红包电子券,1000,2000,https://vip.17wo.cn/_goods_detail_2.html?id=134&sf17,https://vip.17wo.cn/_pay_confirm.html?id=134&sf17
电子券红包(第二期),10,1,https://vip.17wo.cn/_goods_detail_2.html?id=135&sf17,https://vip.17wo.cn/_pay_confirm.html?id=135&sf17
5元电子券红包,500,1,https://vip.17wo.cn/_goods_detail_2.html?id=136&sf17,https://vip.17wo.cn/_pay_confirm.html?id=136&sf17
10元电子券红包,1000,1,https://vip.17wo.cn/_goods_detail_2.html?id=137&sf17,https://vip.17wo.cn/_pay_confirm.html?id=137&sf17
2元电子券红包,,1,https://vip.17wo.cn/_goods_detail_2.html?id=138&sf17,https://vip.17wo.cn/_pay_confirm.html?id=138&sf17
4元电子券红包,,1,https://vip.17wo.cn/_goods_detail_2.html?id=139&sf17,https://vip.17wo.cn/_pay_confirm.html?id=139&sf17
20元电子券红包,,1,https://vip.17wo.cn/_goods_detail_2.html?id=140&sf17,https://vip.17wo.cn/_pay_confirm.html?id=140&sf17
40元电子券红包,,1,https://vip.17wo.cn/_goods_detail_2.html?id=141&sf17,https://vip.17wo.cn/_pay_confirm.html?id=141&sf17
50元电子券红包,,1,https://vip.17wo.cn/_goods_detail_2.html?id=142&sf17,https://vip.17wo.cn/_pay_confirm.html?id=142&sf17
100元电子券红包,,1,https://vip.17wo.cn/_goods_detail_2.html?id=143&sf17,https://vip.17wo.cn/_pay_confirm.html?id=143&sf17
视频VIP通兑月卡(老用户回馈),10,1,https://vip.17wo.cn/_goods_detail_2.html?id=144&sf17,https://vip.17wo.cn/_pay_confirm.html?id=144&sf17
环球漫游2天免费WIFI,99,3000,https://vip.17wo.cn/_goods_detail_2.html?id=145&sf17,https://vip.17wo.cn/_pay_confirm.html?id=145&sf17
飞常准1个月金卡会员,99,3000,https://vip.17wo.cn/_goods_detail_2.html?id=146&sf17,https://vip.17wo.cn/_pay_confirm.html?id=146&sf17
随手印个性定制台历兑换券,99,3000,https://vip.17wo.cn/_goods_detail_2.html?id=147&sf17,https://vip.17wo.cn/_pay_confirm.html?id=147&sf17
善诊关爱父母免费体检券,99,3000,https://vip.17wo.cn/_goods_detail_2.html?id=148&sf17,https://vip.17wo.cn/_pay_confirm.html?id=148&sf17
快买酒 法国帕克索红酒兑换券,99,3000,https://vip.17wo.cn/_goods_detail_2.html?id=149&sf17,https://vip.17wo.cn/_pay_confirm.html?id=149&sf17
租租车免费国际驾照办理券,99,3000,https://vip.17wo.cn/_goods_detail_2.html?id=150&sf17,https://vip.17wo.cn/_pay_confirm.html?id=150&sf17
东莞用户腾讯视频,0,,https://vip.17wo.cn/_goods_detail_2.html?id=151&sf17,https://vip.17wo.cn/_pay_confirm.html?id=151&sf17
东莞用户卖座网电影票,10,,https://vip.17wo.cn/_goods_detail_2.html?id=152&sf17,https://vip.17wo.cn/_pay_confirm.html?id=152&sf17
东莞用户腾讯视频,10,,https://vip.17wo.cn/_goods_detail_2.html?id=153&sf17,https://vip.17wo.cn/_pay_confirm.html?id=153&sf17
宽带月卡(占坑),,,https://vip.17wo.cn/_goods_detail_2.html?id=154&sf17,https://vip.17wo.cn/_pay_confirm.html?id=154&sf17
宽带季卡(占坑),,,https://vip.17wo.cn/_goods_detail_2.html?id=155&sf17,https://vip.17wo.cn/_pay_confirm.html?id=155&sf17
幸福西饼20元无门槛代金券,199,1,https://vip.17wo.cn/_goods_detail_2.html?id=156&sf17,https://vip.17wo.cn/_pay_confirm.html?id=156&sf17
星巴克30元无门槛代金券,199,0,https://vip.17wo.cn/_goods_detail_2.html?id=157&sf17,https://vip.17wo.cn/_pay_confirm.html?id=157&sf17
百果园20元无门槛代金券,199,0,https://vip.17wo.cn/_goods_detail_2.html?id=158&sf17,https://vip.17wo.cn/_pay_confirm.html?id=158&sf17
胖肥杯三件式泡茶耐热玻璃杯,199,0,https://vip.17wo.cn/_goods_detail_2.html?id=159&sf17,https://vip.17wo.cn/_pay_confirm.html?id=159&sf17
卡通10000毫安移动电源,199,0,https://vip.17wo.cn/_goods_detail_2.html?id=160&sf17,https://vip.17wo.cn/_pay_confirm.html?id=160&sf17
神聪便携迷你蓝牙小音箱,199,0,https://vip.17wo.cn/_goods_detail_2.html?id=161&sf17,https://vip.17wo.cn/_pay_confirm.html?id=161&sf17
唯品会30元购物红包,1,1,https://vip.17wo.cn/_goods_detail_2.html?id=162&sf17,https://vip.17wo.cn/_pay_confirm.html?id=162&sf17
懒人听书VIP周卡,,,https://vip.17wo.cn/_goods_detail_2.html?id=163&sf17,https://vip.17wo.cn/_pay_confirm.html?id=163&sf17
天猫50元无门槛代金券,,,https://vip.17wo.cn/_goods_detail_2.html?id=164&sf17,https://vip.17wo.cn/_pay_confirm.html?id=164&sf17
京东50无门槛代金券,,,https://vip.17wo.cn/_goods_detail_2.html?id=165&sf17,https://vip.17wo.cn/_pay_confirm.html?id=165&sf17
读书卡八折券,,,https://vip.17wo.cn/_goods_detail_2.html?id=166&sf17,https://vip.17wo.cn/_pay_confirm.html?id=166&sf17
kindle,,,https://vip.17wo.cn/_goods_detail_2.html?id=167&sf17,https://vip.17wo.cn/_pay_confirm.html?id=167&sf17
天猫100无门槛代金券,499,1,https://vip.17wo.cn/_goods_detail_2.html?id=168&sf17,https://vip.17wo.cn/_pay_confirm.html?id=168&sf17
京东100无门槛代金券,499,1,https://vip.17wo.cn/_goods_detail_2.html?id=169&sf17,https://vip.17wo.cn/_pay_confirm.html?id=169&sf17
